0,Unnamed: 1,100,20,50,30,33,35,40,43,31,32,33.1,31.1,32.1,31.1.1,20.1,45,40.1,45.1,40.1.1,43.1,47,20.1.1,30.1,31.1.1.1,32.1.1,33.1.1,34,35.1,36,50.1,50.1.1,20.1.1.1,40.1.1.1,43.1.1,45.1.1,47.1,100.1,20.1.1.1.1,200,50.1.1.1,32.1.1.1,33.1.1.1,33.1.1.1.1,34.1,35.1.1,36.1,37,38,30.1.1,31.1.1.1.1,32.1.1.1.1,33.1.1.1.1.1,34.1.1,35.1.1.1,36.1.1,37.1,38.1,39,100.1.1,45.1.1.1,47.1.1,50.1.1.1.1,20.1.1.1.1.1,200.1,30.1.1.1,31.1.1.1.1.1,33.1.1.1.1.1.1,34.1.1.1,35.1.1.1.1,36.1.1.1,37.1.1,37.1.1.1,38.1.1,39.1,37.1.1.1.1,38.1.1.1,38.1.1.1.1,39.1.1,39.1.1.1,40.1.1.1.1,43.1.1.1,45.1.1.1.1,47.1.1.1,100.1.1.1,20.1.1.1.1.1.1,200.1.1,33.1.1.1.1.1.1.1,34.1.1.1.1,47.1.1.1.1,50.1.1.1.1.1,100.1.1.1.1,200.1.1.1,50.1.1.1.1.1.1,200.1.1.1.1,39.1.1.1.1,40.1.1.1.1.1,43.1.1.1.1,36.1.1.1.1,36.1.1.1.1.1,30.1.1.1.1,30.1.1.1.1.1,32.1.1.1.1.1,35
,,565.0,2504.0,99.0,99.0,64.0,99.0,101.0,68.0,1026.0,166.0,100.0,2427.0,36.0,2409.0,206.0,103.0,4283.0,66.0,99.0,3614.0,102.0,,,,,,134.0,,,,,2972.0,99.0,1784.0,67,3444.0,1770.0,6208.0,899.0,101.0,100.0,,100.0,100.0,3068.0,67.0,34.0,67.0,540.0,1016.0,101.0,1820.0,134.0,104.0,66.0,1580.0,1768.0,70.0,68.0,1103.0,872.0,211.0,1922.0,95.0,101.0,33.0,99.0,1045.0,240.0,1376.0,1937.0,740.0,98.0,69.0,134.0,135.0,99.0,65.0,67.0,64.0,600.0,101.0,68.0,102.0,305.0,1574.0,702.0,1929.0,134.0,99.0,2186.0,67.0,97.0,656.0,100.0,99.0,67.0,164.0,135.0,132.0,132.0,314.0,874.0
,,397.0,5306.0,53.0,66.0,33.0,68.0,34.0,47.0,995.0,131.0,68.0,2430.0,35.0,2411.0,203.0,47.0,4219.0,49.0,67.0,3545.0,49.0,,,,,,97.0,,,,,11867.0,37.0,1706.0,50,3343.0,1604.0,8380.0,767.0,53.0,66.0,,67.0,69.0,3034.0,39.0,41.0,42.0,471.0,1030.0,66.0,1786.0,67.0,62.0,36.0,1514.0,1701.0,41.0,102.0,1035.0,801.0,380.0,3896.0,204.0,101.0,34.0,31.0,1006.0,250.0,1310.0,1872.0,703.0,33.0,42.0,68.0,67.0,33.0,42.0,42.0,43.0,533.0,46.0,50.0,103.0,971.0,1434.0,672.0,1900.0,34.0,52.0,2073.0,205.0,53.0,1445.0,33.0,40.0,47.0,98.0,99.0,135.0,135.0,332.0,807.0
,,266.0,,50.0,68.0,67.0,33.0,41.0,44.0,1269.0,134.0,34.0,2434.0,35.0,2409.0,201.0,53.0,4150.0,48.0,37.0,5395.0,50.0,,,,,,68.0,,,,,,43.0,1939.0,47,3311.0,1435.0,,634.0,54.0,33.0,,67.0,32.0,3003.0,40.0,43.0,44.0,467.0,1037.0,68.0,1785.0,65.0,66.0,39.0,1480.0,1669.0,43.0,105.0,965.0,736.0,372.0,11728.0,204.0,99.0,35.0,32.0,974.0,267.0,1311.0,1838.0,639.0,41.0,186.0,33.0,34.0,42.0,41.0,39.0,45.0,467.0,48.0,50.0,103.0,9942.0,1270.0,636.0,1863.0,50.0,72.0,1907.0,201.0,52.0,1419.0,43.0,42.0,47.0,68.0,68.0,170.0,135.0,300.0,806.0
,,134.0,,52.0,68.0,78.0,40.0,41.0,45.0,1268.0,138.0,36.0,2438.0,36.0,2410.0,200.0,48.0,4113.0,49.0,43.0,5362.0,51.0,,,,,,33.0,,,,,,45.0,1840.0,47,3312.0,1267.0,,465.0,53.0,34.0,,35.0,35.0,2994.0,37.0,40.0,40.0,472.0,1038.0,32.0,1753.0,34.0,33.0,40.0,1448.0,1632.0,41.0,103.0,897.0,668.0,373.0,20240.0,203.0,103.0,34.0,34.0,970.0,266.0,1277.0,1807.0,637.0,42.0,43.0,39.0,42.0,40.0,41.0,42.0,44.0,400.0,49.0,52.0,103.0,20583.0,1102.0,634.0,1832.0,51.0,53.0,1774.0,203.0,53.0,1419.0,44.0,44.0,48.0,36.0,33.0,1945.0,368.0,300.0,769.0
,,103.0,,52.0,65.0,67.0,38.0,43.0,47.0,1272.0,132.0,36.0,8182.0,37.0,2408.0,201.0,47.0,4082.0,51.0,41.0,5295.0,50.0,,,,,,34.0,,,,,,44.0,1776.0,47,3277.0,1099.0,,335.0,53.0,38.0,,33.0,39.0,2959.0,39.0,40.0,44.0,474.0,1038.0,34.0,1752.0,39.0,37.0,41.0,1411.0,1596.0,42.0,103.0,833.0,602.0,369.0,,204.0,100.0,39.0,36.0,937.0,269.0,1238.0,1802.0,598.0,41.0,44.0,41.0,44.0,41.0,43.0,42.0,45.0,367.0,49.0,49.0,103.0,,936.0,602.0,1829.0,49.0,55.0,1638.0,203.0,53.0,1421.0,44.0,43.0,45.0,40.0,37.0,4050.0,599.0,300.0,736.0
,,105.0,,54.0,65.0,34.0,41.0,43.0,46.0,1283.0,99.0,35.0,10153.0,33.0,2408.0,202.0,49.0,4013.0,47.0,41.0,5260.0,48.0,,,,,,36.0,,,,,,43.0,1741.0,48,3245.0,930.0,,344.0,52.0,36.0,,33.0,36.0,2928.0,40.0,40.0,41.0,469.0,1034.0,35.0,1750.0,37.0,38.0,38.0,1377.0,1531.0,42.0,103.0,763.0,535.0,374.0,,202.0,101.0,34.0,37.0,935.0,273.0,1208.0,1767.0,566.0,39.0,42.0,41.0,40.0,40.0,42.0,40.0,42.0,299.0,50.0,51.0,103.0,,769.0,601.0,1796.0,49.0,51.0,1502.0,204.0,51.0,1422.0,43.0,41.0,46.0,39.0,40.0,6129.0,596.0,266.0,703.0
,,104.0,,52.0,67.0,34.0,38.0,45.0,35.0,1274.0,103.0,33.0,11206.0,35.0,2412.0,202.0,44.0,3978.0,46.0,42.0,5201.0,48.0,,,,,,38.0,,,,,,41.0,1675.0,49,3784.0,765.0,,720.0,52.0,34.0,,36.0,37.0,2927.0,38.0,38.0,42.0,467.0,1069.0,34.0,1723.0,36.0,37.0,37.0,1339.0,1498.0,42.0,101.0,733.0,467.0,369.0,,203.0,98.0,34.0,37.0,901.0,264.0,1208.0,1732.0,531.0,42.0,42.0,40.0,40.0,40.0,41.0,40.0,42.0,235.0,46.0,49.0,102.0,,606.0,599.0,1794.0,50.0,51.0,1370.0,201.0,51.0,1418.0,41.0,43.0,45.0,38.0,39.0,10003.0,632.0,265.0,705.0
,,102.0,,52.0,66.0,38.0,36.0,44.0,47.0,1272.0,102.0,36.0,11467.0,32.0,2405.0,,47.0,3914.0,46.0,42.0,5160.0,49.0,,,,,,39.0,,,,,,45.0,1599.0,48,3750.0,595.0,,720.0,51.0,34.0,,37.0,37.0,2896.0,38.0,39.0,40.0,370.0,1067.0,36.0,1713.0,39.0,37.0,38.0,1305.0,1467.0,42.0,103.0,669.0,400.0,369.0,,201.0,98.0,35.0,34.0,903.0,263.0,1170.0,1701.0,467.0,41.0,39.0,41.0,41.0,40.0,41.0,41.0,44.0,200.0,48.0,51.0,102.0,,437.0,568.0,1761.0,50.0,55.0,1238.0,203.0,54.0,1422.0,42.0,41.0,46.0,40.0,40.0,,768.0,266.0,674.0
,,102.0,,52.0,99.0,34.0,37.0,46.0,49.0,1276.0,99.0,33.0,11473.0,33.0,2408.0,,46.0,3882.0,49.0,40.0,5093.0,50.0,,,,,,39.0,,,,,,42.0,1569.0,48,3952.0,430.0,,721.0,54.0,36.0,,34.0,36.0,2864.0,39.0,40.0,42.0,366.0,1407.0,34.0,1713.0,35.0,37.0,38.0,1305.0,1436.0,42.0,104.0,604.0,332.0,366.0,,202.0,101.0,35.0,34.0,870.0,267.0,1136.0,1668.0,433.0,41.0,43.0,40.0,41.0,41.0,41.0,42.0,42.0,132.0,48.0,50.0,102.0,,376.0,567.0,1730.0,50.0,51.0,1102.0,202.0,55.0,1422.0,42.0,42.0,46.0,40.0,38.0,,969.0,267.0,642.0
,,102.0,,53.0,99.0,35.0,38.0,43.0,44.0,1275.0,101.0,34.0,12584.0,35.0,2439.0,,46.0,3851.0,49.0,40.0,5062.0,49.0,,,,,,36.0,,,,,,45.0,1504.0,50,3920.0,266.0,,717.0,52.0,34.0,,35.0,36.0,2832.0,38.0,41.0,40.0,365.0,1475.0,33.0,1681.0,38.0,38.0,37.0,1272.0,1403.0,41.0,103.0,538.0,266.0,370.0,,205.0,100.0,35.0,35.0,835.0,264.0,1138.0,1635.0,401.0,38.0,42.0,40.0,41.0,42.0,42.0,41.0,43.0,66.0,45.0,50.0,104.0,,1186.0,535.0,1696.0,51.0,53.0,967.0,204.0,52.0,1419.0,42.0,42.0,45.0,38.0,39.0,,1208.0,266.0,640.0
,,104.0,,53.0,166.0,35.0,36.0,44.0,44.0,1402.0,101.0,35.0,13425.0,34.0,3244.0,,49.0,3818.0,47.0,41.0,5026.0,49.0,,,,,,35.0,,,,,,43.0,1441.0,48,3886.0,1027.0,,719.0,53.0,34.0,,35.0,36.0,2830.0,41.0,39.0,39.0,368.0,1477.0,33.0,1684.0,38.0,38.0,37.0,1237.0,1371.0,41.0,101.0,471.0,279.0,371.0,,204.0,101.0,34.0,36.0,839.0,265.0,1103.0,1602.0,368.0,41.0,40.0,39.0,38.0,40.0,43.0,42.0,45.0,46.0,46.0,50.0,103.0,,1421.0,533.0,1697.0,50.0,54.0,834.0,207.0,51.0,1420.0,41.0,44.0,45.0,38.0,42.0,,1544.0,234.0,603.0
,,,,51.0,266.0,35.0,36.0,78.0,45.0,1436.0,98.0,35.0,14336.0,32.0,3440.0,,48.0,3786.0,47.0,42.0,4960.0,49.0,,,,,,36.0,,,,,,43.0,1408.0,48,3818.0,1419.0,,718.0,51.0,36.0,,36.0,36.0,2847.0,38.0,40.0,41.0,399.0,2010.0,36.0,1681.0,37.0,38.0,38.0,1206.0,1336.0,45.0,103.0,400.0,346.0,368.0,,202.0,133.0,36.0,36.0,808.0,261.0,1070.0,1570.0,337.0,38.0,45.0,40.0,39.0,42.0,41.0,41.0,41.0,46.0,48.0,49.0,101.0,,1419.0,499.0,1663.0,50.0,54.0,701.0,205.0,52.0,1419.0,44.0,44.0,47.0,39.0,38.0,,2217.0,234.0,569.0
,,,,53.0,468.0,35.0,40.0,43.0,43.0,1974.0,100.0,32.0,,31.0,3815.0,,48.0,3751.0,49.0,43.0,4924.0,50.0,,,,,,35.0,,,,,,42.0,1345.0,47,4122.0,1419.0,,719.0,53.0,34.0,,34.0,35.0,2823.0,38.0,40.0,39.0,401.0,3022.0,34.0,1644.0,35.0,35.0,38.0,1170.0,1272.0,41.0,101.0,366.0,348.0,369.0,,204.0,201.0,35.0,35.0,808.0,264.0,1072.0,1575.0,302.0,39.0,42.0,37.0,43.0,40.0,42.0,42.0,41.0,46.0,62.0,51.0,103.0,,1421.0,532.0,1662.0,49.0,52.0,567.0,202.0,52.0,1420.0,40.0,44.0,45.0,39.0,38.0,,2883.0,235.0,566.0
,,,,53.0,736.0,34.0,38.0,41.0,46.0,1974.0,99.0,35.0,,34.0,3950.0,,50.0,3719.0,48.0,40.0,4859.0,49.0,,,,,,37.0,,,,,,43.0,1310.0,48,4058.0,1421.0,,717.0,54.0,35.0,,34.0,35.0,2823.0,39.0,39.0,41.0,469.0,3857.0,33.0,1645.0,37.0,37.0,58.0,1137.0,1238.0,41.0,104.0,300.0,346.0,371.0,,204.0,307.0,35.0,36.0,775.0,265.0,1037.0,1547.0,299.0,42.0,40.0,39.0,39.0,41.0,42.0,43.0,42.0,45.0,48.0,50.0,105.0,,1419.0,535.0,1629.0,50.0,51.0,431.0,202.0,53.0,1419.0,40.0,43.0,45.0,38.0,38.0,,2884.0,232.0,535.0
,,,,52.0,1172.0,34.0,38.0,42.0,46.0,1974.0,99.0,35.0,,34.0,3986.0,,45.0,3651.0,49.0,41.0,4823.0,51.0,,,,,,37.0,,,,,,44.0,1241.0,48,4018.0,1419.0,,717.0,52.0,36.0,,34.0,37.0,2790.0,39.0,40.0,40.0,536.0,4458.0,35.0,1607.0,39.0,38.0,39.0,1100.0,1206.0,40.0,104.0,232.0,347.0,368.0,,,736.0,34.0,36.0,778.0,265.0,1004.0,1516.0,233.0,42.0,41.0,38.0,41.0,42.0,40.0,42.0,43.0,46.0,45.0,51.0,103.0,,1421.0,566.0,1633.0,51.0,55.0,265.0,,54.0,1419.0,44.0,43.0,47.0,39.0,39.0,,3283.0,236.0,502.0
,,,,,1638.0,38.0,36.0,41.0,47.0,1976.0,103.0,33.0,,34.0,4018.0,,49.0,3617.0,49.0,40.0,4756.0,47.0,,,,,,37.0,,,,,,44.0,1175.0,47,3958.0,1420.0,,720.0,51.0,35.0,,34.0,36.0,2757.0,38.0,39.0,41.0,537.0,4600.0,33.0,1609.0,37.0,37.0,36.0,1063.0,1173.0,43.0,101.0,168.0,382.0,368.0,,,900.0,35.0,36.0,739.0,265.0,1002.0,1485.0,200.0,42.0,42.0,38.0,41.0,41.0,41.0,42.0,43.0,46.0,48.0,49.0,101.0,,1418.0,1506.0,1603.0,50.0,54.0,537.0,,54.0,,41.0,43.0,45.0,40.0,40.0,,3384.0,241.0,467.0
,,,,,2070.0,84.0,36.0,42.0,44.0,1974.0,68.0,34.0,,34.0,4654.0,,47.0,3582.0,45.0,40.0,4689.0,48.0,,,,,,39.0,,,,,,44.0,1140.0,49,3926.0,1420.0,,718.0,54.0,36.0,,34.0,36.0,2760.0,39.0,41.0,41.0,705.0,4933.0,35.0,1577.0,36.0,37.0,37.0,1032.0,1139.0,41.0,103.0,100.0,342.0,370.0,,,1002.0,34.0,34.0,739.0,264.0,969.0,1452.0,,41.0,43.0,49.0,39.0,41.0,42.0,41.0,44.0,48.0,47.0,48.0,104.0,,1436.0,2309.0,1569.0,50.0,52.0,718.0,,77.0,,42.0,45.0,46.0,39.0,39.0,,3452.0,241.0,465.0
,,,,,2275.0,964.0,36.0,41.0,46.0,1974.0,68.0,36.0,,33.0,4898.0,,47.0,3517.0,45.0,42.0,4654.0,48.0,,,,,,37.0,,,,,,43.0,1071.0,48,3889.0,1419.0,,717.0,53.0,35.0,,36.0,38.0,2725.0,39.0,41.0,41.0,840.0,5137.0,35.0,1576.0,37.0,37.0,38.0,997.0,1106.0,41.0,104.0,33.0,348.0,367.0,,,1266.0,35.0,35.0,706.0,263.0,935.0,1415.0,,42.0,42.0,40.0,41.0,40.0,41.0,42.0,45.0,48.0,46.0,48.0,104.0,,1435.0,3580.0,1571.0,49.0,51.0,721.0,,54.0,,39.0,43.0,45.0,38.0,38.0,,3751.0,242.0,434.0
,,,,,2945.0,932.0,38.0,44.0,47.0,1974.0,67.0,36.0,,35.0,5660.0,,45.0,3482.0,49.0,41.0,4623.0,50.0,,,,,,35.0,,,,,,43.0,1041.0,49,3827.0,1419.0,,720.0,53.0,33.0,,36.0,37.0,2638.0,38.0,38.0,42.0,1204.0,5169.0,34.0,1573.0,38.0,37.0,41.0,966.0,1073.0,41.0,104.0,47.0,348.0,367.0,,,1497.0,34.0,34.0,671.0,264.0,901.0,1417.0,,39.0,41.0,39.0,41.0,39.0,41.0,42.0,43.0,45.0,47.0,49.0,103.0,,1419.0,,1542.0,49.0,54.0,718.0,,50.0,,42.0,42.0,45.0,39.0,38.0,,4083.0,243.0,400.0
,,,,,3750.0,930.0,39.0,43.0,48.0,1975.0,66.0,35.0,,33.0,5696.0,,47.0,3447.0,48.0,39.0,4621.0,49.0,,,,,,36.0,,,,,,43.0,971.0,49,4401.0,1420.0,,717.0,53.0,33.0,,34.0,36.0,2537.0,38.0,39.0,41.0,2285.0,5240.0,34.0,1537.0,38.0,40.0,39.0,938.0,1040.0,41.0,102.0,50.0,349.0,370.0,,,1664.0,35.0,34.0,671.0,264.0,902.0,1412.0,,43.0,41.0,38.0,39.0,41.0,41.0,42.0,43.0,46.0,48.0,47.0,104.0,,1421.0,,1540.0,52.0,52.0,757.0,,51.0,,43.0,42.0,46.0,39.0,40.0,,4454.0,243.0,368.0
,,,,,4454.0,897.0,36.0,42.0,44.0,1975.0,67.0,36.0,,34.0,6396.0,,49.0,3414.0,49.0,41.0,4589.0,48.0,,,,,,35.0,,,,,,44.0,906.0,48,4366.0,1420.0,,719.0,51.0,35.0,,35.0,36.0,2534.0,41.0,40.0,39.0,2484.0,5271.0,34.0,1542.0,36.0,39.0,39.0,905.0,1006.0,44.0,104.0,46.0,346.0,368.0,,,1863.0,,35.0,633.0,261.0,868.0,1371.0,,41.0,43.0,39.0,40.0,41.0,43.0,40.0,40.0,44.0,50.0,50.0,106.0,,1425.0,,1541.0,49.0,54.0,756.0,,52.0,,41.0,43.0,45.0,39.0,40.0,,,243.0,367.0
,,,,,4758.0,899.0,39.0,43.0,47.0,1975.0,34.0,35.0,,35.0,,,49.0,3380.0,48.0,41.0,4587.0,48.0,,,,,,38.0,,,,,,43.0,875.0,48,4298.0,1421.0,,716.0,53.0,34.0,,34.0,37.0,2499.0,39.0,39.0,39.0,2819.0,5309.0,35.0,1542.0,36.0,36.0,38.0,873.0,970.0,43.0,105.0,48.0,348.0,367.0,,,2165.0,,35.0,633.0,261.0,836.0,1371.0,,41.0,42.0,38.0,42.0,41.0,42.0,40.0,43.0,46.0,49.0,49.0,104.0,,1426.0,,1540.0,52.0,53.0,717.0,,53.0,,40.0,41.0,45.0,39.0,40.0,,,235.0,335.0
,,,,,5327.0,900.0,38.0,42.0,45.0,1978.0,36.0,36.0,,33.0,,,49.0,3379.0,46.0,43.0,4556.0,48.0,,,,,,36.0,,,,,,44.0,803.0,47,4227.0,1416.0,,718.0,52.0,35.0,,36.0,36.0,2470.0,38.0,37.0,38.0,3282.0,5332.0,39.0,1512.0,36.0,39.0,38.0,878.0,938.0,41.0,105.0,47.0,350.0,367.0,,,2396.0,,1644.0,600.0,267.0,805.0,1372.0,,41.0,40.0,40.0,39.0,41.0,43.0,41.0,41.0,45.0,48.0,48.0,102.0,,1421.0,,1567.0,50.0,55.0,720.0,,50.0,,42.0,42.0,49.0,38.0,38.0,,,310.0,304.0
,,,,,5769.0,866.0,40.0,42.0,44.0,1977.0,35.0,35.0,,34.0,,,46.0,3313.0,48.0,42.0,4556.0,49.0,,,,,,36.0,,,,,,43.0,771.0,46,4191.0,,,718.0,52.0,33.0,,34.0,36.0,2435.0,36.0,41.0,41.0,3551.0,5404.0,36.0,1512.0,37.0,40.0,40.0,839.0,900.0,42.0,105.0,48.0,348.0,369.0,,,2594.0,,1643.0,600.0,265.0,802.0,1406.0,,41.0,40.0,38.0,43.0,40.0,42.0,42.0,34.0,46.0,49.0,49.0,,,,,1565.0,50.0,52.0,719.0,,52.0,,40.0,43.0,45.0,39.0,38.0,,,245.0,302.0
,,,,,6206.0,867.0,37.0,43.0,45.0,1974.0,33.0,33.0,,32.0,,,48.0,3278.0,45.0,42.0,4484.0,49.0,,,,,,37.0,,,,,,43.0,700.0,49,4657.0,,,718.0,54.0,34.0,,34.0,38.0,2436.0,37.0,40.0,42.0,3755.0,5436.0,33.0,1476.0,35.0,36.0,37.0,804.0,864.0,41.0,101.0,45.0,349.0,369.0,,,2762.0,,1609.0,565.0,263.0,771.0,1407.0,,39.0,41.0,38.0,42.0,41.0,42.0,40.0,42.0,45.0,46.0,49.0,,,,,1600.0,50.0,53.0,719.0,,52.0,,42.0,41.0,47.0,37.0,38.0,,,241.0,267.0
,,,,,,868.0,38.0,44.0,45.0,1976.0,33.0,33.0,,36.0,,,47.0,3214.0,46.0,41.0,4517.0,50.0,,,,,,36.0,,,,,,41.0,635.0,48,4627.0,,,717.0,50.0,36.0,,34.0,36.0,2706.0,37.0,38.0,40.0,4055.0,5495.0,34.0,1512.0,36.0,36.0,37.0,771.0,799.0,43.0,102.0,48.0,350.0,369.0,,,2965.0,,1609.0,564.0,264.0,739.0,1405.0,,39.0,43.0,38.0,40.0,42.0,41.0,43.0,33.0,45.0,46.0,47.0,,,,,1599.0,49.0,51.0,719.0,,50.0,,43.0,41.0,45.0,37.0,40.0,,,240.0,234.0
,,,,,,831.0,38.0,44.0,44.0,1980.0,36.0,36.0,,34.0,,,49.0,3179.0,47.0,41.0,4452.0,52.0,,,,,,37.0,,,,,,45.0,602.0,48,4557.0,,,720.0,51.0,36.0,,34.0,37.0,2674.0,37.0,40.0,40.0,4558.0,5533.0,35.0,1582.0,35.0,39.0,39.0,735.0,763.0,42.0,103.0,49.0,349.0,370.0,,,3198.0,,1609.0,531.0,265.0,736.0,1442.0,,42.0,44.0,40.0,41.0,42.0,41.0,41.0,,48.0,48.0,49.0,,,,,1599.0,50.0,50.0,722.0,,52.0,,41.0,43.0,46.0,38.0,37.0,,,240.0,234.0
,,,,,,833.0,36.0,44.0,45.0,1980.0,34.0,37.0,,18.0,,,47.0,3143.0,47.0,42.0,4486.0,52.0,,,,,,37.0,,,,,,43.0,538.0,48,4522.0,,,718.0,52.0,35.0,,33.0,37.0,2671.0,39.0,39.0,41.0,4793.0,5569.0,36.0,1544.0,38.0,38.0,38.0,701.0,737.0,43.0,103.0,46.0,351.0,369.0,,,3365.0,,1608.0,499.0,265.0,704.0,1444.0,,42.0,41.0,41.0,40.0,40.0,41.0,41.0,,46.0,50.0,51.0,,,,,1600.0,50.0,50.0,719.0,,52.0,,44.0,42.0,41.0,37.0,37.0,,,243.0,201.0
,,,,,,801.0,38.0,44.0,46.0,1976.0,34.0,37.0,,34.0,,,49.0,3111.0,47.0,42.0,4419.0,49.0,,,,,,35.0,,,,,,40.0,475.0,49,4490.0,,,,54.0,35.0,,35.0,37.0,2671.0,38.0,40.0,41.0,5163.0,5605.0,36.0,1613.0,36.0,38.0,39.0,668.0,702.0,42.0,101.0,47.0,349.0,367.0,,,3569.0,,1606.0,500.0,264.0,670.0,2043.0,,40.0,43.0,40.0,41.0,40.0,41.0,42.0,,45.0,46.0,49.0,,,,,2067.0,50.0,50.0,719.0,,53.0,,41.0,44.0,47.0,37.0,38.0,,,242.0,168.0
,,,,,,802.0,37.0,41.0,46.0,1977.0,34.0,35.0,,35.0,,,46.0,3042.0,49.0,42.0,4387.0,49.0,,,,,,36.0,,,,,,43.0,443.0,49,,,,,52.0,35.0,,36.0,38.0,2670.0,39.0,39.0,42.0,5462.0,5633.0,33.0,1644.0,36.0,37.0,39.0,636.0,671.0,41.0,101.0,47.0,351.0,368.0,,,3636.0,,1604.0,468.0,265.0,670.0,2209.0,,39.0,42.0,40.0,41.0,44.0,41.0,41.0,,45.0,47.0,50.0,,,,,,50.0,54.0,718.0,,54.0,,42.0,43.0,47.0,38.0,38.0,,,242.0,166.0
,,,,,,803.0,38.0,41.0,43.0,1979.0,,,,33.0,,,48.0,3011.0,48.0,43.0,4386.0,51.0,,,,,,37.0,,,,,,41.0,373.0,50,,,,,53.0,36.0,,32.0,39.0,2706.0,38.0,40.0,40.0,5793.0,5675.0,35.0,1641.0,38.0,38.0,39.0,602.0,641.0,42.0,,46.0,347.0,371.0,,,3706.0,,1573.0,471.0,262.0,637.0,2673.0,,41.0,41.0,41.0,40.0,38.0,41.0,40.0,,45.0,50.0,50.0,,,,,,48.0,54.0,728.0,,,,42.0,43.0,46.0,39.0,36.0,,,241.0,134.0
,,,,,,1188.0,40.0,41.0,46.0,1981.0,,,,36.0,,,48.0,2974.0,46.0,41.0,4356.0,51.0,,,,,,37.0,,,,,,43.0,337.0,46,,,,,51.0,36.0,,34.0,34.0,2703.0,38.0,38.0,40.0,6297.0,5733.0,33.0,1672.0,35.0,38.0,38.0,570.0,607.0,42.0,,44.0,347.0,373.0,,,3740.0,,1571.0,441.0,265.0,638.0,2876.0,,41.0,42.0,41.0,40.0,40.0,43.0,42.0,,46.0,50.0,51.0,,,,,,49.0,52.0,731.0,,,,41.0,72.0,48.0,38.0,37.0,,,238.0,133.0
,,,,,,1203.0,38.0,41.0,45.0,1978.0,,,,33.0,,,46.0,2939.0,45.0,41.0,4353.0,50.0,,,,,,37.0,,,,,,42.0,268.0,48,,,,,53.0,34.0,,34.0,35.0,2705.0,37.0,40.0,40.0,6703.0,5766.0,34.0,2410.0,38.0,38.0,40.0,531.0,573.0,40.0,,47.0,349.0,370.0,,,3909.0,,1537.0,439.0,265.0,671.0,3244.0,,40.0,43.0,41.0,42.0,42.0,42.0,41.0,,48.0,49.0,47.0,,,,,,52.0,50.0,720.0,,,,42.0,34.0,44.0,40.0,38.0,,,244.0,
,,,,,,1168.0,36.0,42.0,47.0,2012.0,,,,31.0,,,48.0,2901.0,47.0,40.0,4352.0,47.0,,,,,,38.0,,,,,,41.0,250.0,46,,,,,53.0,35.0,,34.0,39.0,2736.0,38.0,40.0,40.0,7477.0,5805.0,35.0,5761.0,38.0,37.0,38.0,500.0,535.0,42.0,,51.0,345.0,370.0,,,,,1535.0,406.0,262.0,668.0,,,40.0,42.0,39.0,39.0,40.0,43.0,43.0,,46.0,46.0,,,,,,,49.0,51.0,717.0,,,,43.0,44.0,45.0,38.0,37.0,,,244.0,
,,,,,,1166.0,,42.0,47.0,2347.0,,,,36.0,,,48.0,2875.0,57.0,41.0,,,,,,,,38.0,,,,,,43.0,317.0,48,,,,,53.0,35.0,,36.0,39.0,2740.0,39.0,40.0,41.0,,,35.0,7239.0,34.0,37.0,36.0,469.0,468.0,42.0,,47.0,348.0,,,,,,1504.0,404.0,277.0,1565.0,,,41.0,42.0,38.0,42.0,39.0,41.0,43.0,,43.0,49.0,,,,,,,56.0,55.0,717.0,,,,43.0,41.0,46.0,40.0,36.0,,,245.0,
,,,,,,1266.0,,43.0,44.0,2346.0,,,,33.0,,,49.0,,47.0,41.0,,,,,,,,36.0,,,,,,43.0,317.0,49,,,,,52.0,34.0,,34.0,37.0,2744.0,41.0,40.0,39.0,,,35.0,,35.0,36.0,37.0,437.0,436.0,42.0,,49.0,346.0,,,,,,1504.0,365.0,266.0,1904.0,,,,43.0,38.0,41.0,39.0,41.0,42.0,,48.0,50.0,,,,,,,50.0,54.0,717.0,,,,42.0,41.0,44.0,39.0,39.0,,,,
,,,,,,1234.0,,42.0,45.0,2344.0,,,,35.0,,,48.0,,47.0,39.0,,,,,,,,36.0,,,,,,43.0,320.0,48,,,,,54.0,34.0,,33.0,37.0,2782.0,37.0,39.0,41.0,,,34.0,,36.0,38.0,42.0,401.0,405.0,40.0,,49.0,349.0,,,,,,1501.0,332.0,266.0,2935.0,,,,40.0,39.0,41.0,42.0,42.0,41.0,,47.0,47.0,,,,,,,51.0,51.0,720.0,,,,41.0,42.0,44.0,39.0,40.0,,,,
,,,,,,1269.0,,44.0,44.0,2345.0,,,,33.0,,,48.0,,46.0,39.0,,,,,,,,36.0,,,,,,43.0,318.0,47,,,,,53.0,37.0,,35.0,37.0,2783.0,40.0,40.0,42.0,,,34.0,,35.0,39.0,40.0,369.0,401.0,43.0,,47.0,348.0,,,,,,1500.0,365.0,267.0,,,,,42.0,39.0,41.0,40.0,42.0,41.0,,44.0,47.0,,,,,,,51.0,53.0,720.0,,,,41.0,45.0,46.0,37.0,38.0,,,,
,,,,,,2512.0,,42.0,45.0,2342.0,,,,34.0,,,50.0,,47.0,,,,,,,,,37.0,,,,,,42.0,318.0,47,,,,,51.0,35.0,,35.0,37.0,2785.0,39.0,40.0,41.0,,,32.0,,37.0,38.0,39.0,334.0,403.0,42.0,,47.0,350.0,,,,,,1532.0,1135.0,265.0,,,,,40.0,42.0,41.0,42.0,43.0,42.0,,,47.0,,,,,,,,,721.0,,,,41.0,41.0,43.0,38.0,35.0,,,,
,,,,,,2516.0,,40.0,44.0,2345.0,,,,34.0,,,46.0,,48.0,,,,,,,,,34.0,,,,,,42.0,318.0,49,,,,,51.0,35.0,,35.0,36.0,2822.0,38.0,39.0,40.0,,,65.0,,35.0,37.0,39.0,299.0,405.0,43.0,,46.0,351.0,,,,,,1598.0,1906.0,260.0,,,,,43.0,42.0,41.0,40.0,41.0,,,,47.0,,,,,,,,,718.0,,,,42.0,41.0,44.0,38.0,39.0,,,,
,,,,,,3949.0,,43.0,44.0,2375.0,,,,34.0,,,48.0,,48.0,,,,,,,,,38.0,,,,,,43.0,317.0,47,,,,,54.0,34.0,,35.0,36.0,2852.0,38.0,39.0,40.0,,,3984.0,,36.0,36.0,40.0,299.0,370.0,43.0,,49.0,367.0,,,,,,1597.0,2543.0,265.0,,,,,41.0,41.0,41.0,,41.0,,,,47.0,,,,,,,,,719.0,,,,41.0,42.0,47.0,38.0,38.0,,,,
,,,,,,,,,43.0,2510.0,,,,37.0,,,48.0,,,,,,,,,,,38.0,,,,,,43.0,318.0,49,,,,,52.0,35.0,,34.0,37.0,4150.0,37.0,42.0,40.0,,,5489.0,,36.0,39.0,38.0,303.0,741.0,42.0,,48.0,350.0,,,,,,1662.0,3680.0,264.0,,,,,41.0,41.0,,,43.0,,,,46.0,,,,,,,,,,,,,,42.0,45.0,37.0,40.0,,,,
,,,,,,,,,47.0,,,,,31.0,,,45.0,,,,,,,,,,,36.0,,,,,,42.0,320.0,48,,,,,53.0,34.0,,35.0,37.0,4548.0,40.0,38.0,40.0,,,7103.0,,36.0,37.0,39.0,1009.0,2013.0,42.0,,48.0,338.0,,,,,,1662.0,4446.0,270.0,,,,,42.0,42.0,,,,,,,48.0,,,,,,,,,,,,,,43.0,47.0,39.0,,,,,
,,,,,,,,,45.0,,,,,33.0,,,48.0,,,,,,,,,,,35.0,,,,,,42.0,319.0,47,,,,,54.0,33.0,,34.0,36.0,,39.0,38.0,41.0,,,8947.0,,37.0,37.0,38.0,2212.0,2013.0,41.0,,48.0,350.0,,,,,,1697.0,6387.0,264.0,,,,,42.0,41.0,,,,,,,46.0,,,,,,,,,,,,,,44.0,45.0,38.0,,,,,
,,,,,,,,,43.0,,,,,32.0,,,46.0,,,,,,,,,,,35.0,,,,,,43.0,317.0,48,,,,,54.0,35.0,,35.0,38.0,,39.0,40.0,41.0,,,10655.0,,36.0,37.0,40.0,2212.0,2045.0,41.0,,47.0,348.0,,,,,,1729.0,7119.0,263.0,,,,,41.0,39.0,,,,,,,47.0,,,,,,,,,,,,,,43.0,44.0,40.0,,,,,
,,,,,,,,,,,,,,34.0,,,49.0,,,,,,,,,,,38.0,,,,,,44.0,318.0,45,,,,,55.0,34.0,,36.0,37.0,,38.0,38.0,41.0,,,11996.0,,35.0,37.0,41.0,2184.0,3451.0,43.0,,49.0,348.0,,,,,,4635.0,,265.0,,,,,43.0,40.0,,,,,,,48.0,,,,,,,,,,,,,,43.0,45.0,40.0,,,,,
,,,,,,,,,,,,,,35.0,,,44.0,,,,,,,,,,,37.0,,,,,,41.0,319.0,48,,,,,54.0,33.0,,33.0,37.0,,37.0,39.0,42.0,,,,,36.0,37.0,39.0,2383.0,3589.0,40.0,,48.0,358.0,,,,,,5669.0,,265.0,,,,,42.0,39.0,,,,,,,49.0,,,,,,,,,,,,,,42.0,36.0,36.0,,,,,
,,,,,,,,,,,,,,33.0,,,45.0,,,,,,,,,,,36.0,,,,,,43.0,321.0,48,,,,,53.0,35.0,,72.0,37.0,,,38.0,39.0,,,,,38.0,37.0,40.0,2418.0,3587.0,43.0,,48.0,349.0,,,,,,,,263.0,,,,,41.0,39.0,,,,,,,49.0,,,,,,,,,,,,,,44.0,45.0,39.0,,,,,
,,,,,,,,,,,,,,33.0,,,47.0,,,,,,,,,,,35.0,,,,,,42.0,348.0,50,,,,,53.0,34.0,,37.0,38.0,,,38.0,39.0,,,,,35.0,37.0,38.0,2889.0,,43.0,,48.0,351.0,,,,,,,,267.0,,,,,42.0,40.0,,,,,,,,,,,,,,,,,,,,,43.0,46.0,38.0,,,,,
,,,,,,,,,,,,,,49.0,,,47.0,,,,,,,,,,,37.0,,,,,,43.0,317.0,48,,,,,53.0,36.0,,35.0,37.0,,,38.0,42.0,,,,,36.0,36.0,40.0,2917.0,,42.0,,49.0,346.0,,,,,,,,267.0,,,,,43.0,39.0,,,,,,,,,,,,,,,,,,,,,43.0,48.0,39.0,,,,,
,,,,,,,,,,,,,,64.0,,,48.0,,,,,,,,,,,36.0,,,,,,44.0,318.0,47,,,,,53.0,33.0,,34.0,36.0,,,38.0,42.0,,,,,37.0,38.0,38.0,2987.0,,39.0,,47.0,350.0,,,,,,,,263.0,,,,,43.0,39.0,,,,,,,,,,,,,,,,,,,,,42.0,44.0,37.0,,,,,
,,,,,,,,,,,,,,998.0,,,49.0,,,,,,,,,,,36.0,,,,,,42.0,311.0,48,,,,,52.0,35.0,,34.0,38.0,,,,41.0,,,,,42.0,39.0,38.0,2986.0,,41.0,,48.0,350.0,,,,,,,,266.0,,,,,42.0,41.0,,,,,,,,,,,,,,,,,,,,,43.0,46.0,39.0,,,,,
,,,,,,,,,,,,,,3630.0,,,45.0,,,,,,,,,,,37.0,,,,,,44.0,310.0,49,,,,,53.0,35.0,,45.0,36.0,,,,41.0,,,,,33.0,38.0,38.0,2987.0,,41.0,,49.0,349.0,,,,,,,,266.0,,,,,41.0,40.0,,,,,,,,,,,,,,,,,,,,,43.0,47.0,38.0,,,,,
,,,,,,,,,,,,,,,,,,,,,,,,,,,,38.0,,,,,,44.0,,44,,,,,53.0,36.0,,33.0,34.0,,,,40.0,,,,,68.0,38.0,39.0,2987.0,,41.0,,48.0,347.0,,,,,,,,265.0,,,,,41.0,40.0,,,,,,,,,,,,,,,,,,,,,44.0,45.0,37.0,,,,,
,,,,,,,,,,,,,,,,,,,,,,,,,,,,38.0,,,,,,,,47,,,,,50.0,33.0,,101.0,,,,,43.0,,,,,1666.0,38.0,39.0,3120.0,,42.0,,46.0,349.0,,,,,,,,265.0,,,,,41.0,39.0,,,,,,,,,,,,,,,,,,,,,41.0,44.0,38.0,,,,,
,,,,,,,,,,,,,,,,,,,,,,,,,,,,35.0,,,,,,,,47,,,,,53.0,66.0,,1133.0,,,,,42.0,,,,,,36.0,39.0,3120.0,,41.0,,48.0,,,,,,,,,264.0,,,,,42.0,40.0,,,,,,,,,,,,,,,,,,,,,43.0,46.0,39.0,,,,,
,,,,,,,,,,,,,,,,,,,,,,,,,,,,39.0,,,,,,,,46,,,,,55.0,1100.0,,,,,,,42.0,,,,,,39.0,38.0,3118.0,,40.0,,47.0,,,,,,,,,265.0,,,,,43.0,40.0,,,,,,,,,,,,,,,,,,,,,44.0,,,,,,,
,,,,,,,,,,,,,,,,,,,,,,,,,,,,37.0,,,,,,,,48,,,,,52.0,2606.0,,,,,,,41.0,,,,,,36.0,37.0,,,42.0,,46.0,,,,,,,,,266.0,,,,,41.0,39.0,,,,,,,,,,,,,,,,,,,,,43.0,,,,,,,
,,,,,,,,,,,,,,,,,,,,,,,,,,,,36.0,,,,,,,,45,,,,,54.0,3910.0,,,,,,,41.0,,,,,,39.0,39.0,,,43.0,,49.0,,,,,,,,,265.0,,,,,40.0,41.0,,,,,,,,,,,,,,,,,,,,,42.0,,,,,,,
,,,,,,,,,,,,,,,,,,,,,,,,,,,,38.0,,,,,,,,49,,,,,53.0,5417.0,,,,,,,41.0,,,,,,38.0,39.0,,,40.0,,48.0,,,,,,,,,263.0,,,,,,40.0,,,,,,,,,,,,,,,,,,,,,41.0,,,,,,,
,,,,,,,,,,,,,,,,,,,,,,,,,,,,36.0,,,,,,,,46,,,,,54.0,8283.0,,,,,,,40.0,,,,,,36.0,38.0,,,,,37.0,,,,,,,,,266.0,,,,,,40.0,,,,,,,,,,,,,,,,,,,,,43.0,,,,,,,
,,,,,,,,,,,,,,,,,,,,,,,,,,,,36.0,,,,,,,,48,,,,,53.0,9553.0,,,,,,,41.0,,,,,,37.0,39.0,,,,,45.0,,,,,,,,,265.0,,,,,,41.0,,,,,,,,,,,,,,,,,,,,,42.0,,,,,,,
,,,,,,,,,,,,,,,,,,,,,,,,,,,,36.0,,,,,,,,49,,,,,,,,,,,,,42.0,,,,,,37.0,41.0,,,,,47.0,,,,,,,,,266.0,,,,,,41.0,,,,,,,,,,,,,,,,,,,,,44.0,,,,,,,
,,,,,,,,,,,,,,,,,,,,,,,,,,,,37.0,,,,,,,,47,,,,,,,,,,,,,40.0,,,,,,37.0,40.0,,,,,48.0,,,,,,,,,263.0,,,,,,39.0,,,,,,,,,,,,,,,,,,,,,43.0,,,,,,,
,,,,,,,,,,,,,,,,,,,,,,,,,,,,,,,,,,,,44,,,,,,,,,,,,,,,,,,,39.0,39.0,,,,,48.0,,,,,,,,,262.0,,,,,,38.0,,,,,,,,,,,,,,,,,,,,,42.0,,,,,,,
,,,,,,,,,,,,,,,,,,,,,,,,,,,,,,,,,,,,48,,,,,,,,,,,,,,,,,,,39.0,38.0,,,,,,,,,,,,,,,,,,,,40.0,,,,,,,,,,,,,,,,,,,,,43.0,,,,,,,
,,,,,,,,,,,,,,,,,,,,,,,,,,,,,,,,,,,,47,,,,,,,,,,,,,,,,,,,37.0,39.0,,,,,,,,,,,,,,,,,,,,41.0,,,,,,,,,,,,,,,,,,,,,46.0,,,,,,,
,,,,,,,,,,,,,,,,,,,,,,,,,,,,,,,,,,,,49,,,,,,,,,,,,,,,,,,,36.0,39.0,,,,,,,,,,,,,,,,,,,,,,,,,,,,,,,,,,,,,,,,,42.0,,,,,,,
,,,,,,,,,,,,,,,,,,,,,,,,,,,,,,,,,,,,48,,,,,,,,,,,,,,,,,,,37.0,37.0,,,,,,,,,,,,,,,,,,,,,,,,,,,,,,,,,,,,,,,,,39.0,,,,,,,
,,,,,,,,,,,,,,,,,,,,,,,,,,,,,,,,,,,,47,,,,,,,,,,,,,,,,,,,37.0,39.0,,,,,,,,,,,,,,,,,,,,,,,,,,,,,,,,,,,,,,,,,43.0,,,,,,,
,,,,,,,,,,,,,,,,,,,,,,,,,,,,,,,,,,,,47,,,,,,,,,,,,,,,,,,,39.0,,,,,,,,,,,,,,,,,,,,,,,,,,,,,,,,,,,,,,,,,,42.0,,,,,,,
,,,,,,,,,,,,,,,,,,,,,,,,,,,,,,,,,,,,47,,,,,,,,,,,,,,,,,,,37.0,,,,,,,,,,,,,,,,,,,,,,,,,,,,,,,,,,,,,,,,,,42.0,,,,,,,
,,,,,,,,,,,,,,,,,,,,,,,,,,,,,,,,,,,,47,,,,,,,,,,,,,,,,,,,38.0,,,,,,,,,,,,,,,,,,,,,,,,,,,,,,,,,,,,,,,,,,42.0,,,,,,,
,,,,,,,,,,,,,,,,,,,,,,,,,,,,,,,,,,,,47,,,,,,,,,,,,,,,,,,,40.0,,,,,,,,,,,,,,,,,,,,,,,,,,,,,,,,,,,,,,,,,,43.0,,,,,,,
,,,,,,,,,,,,,,,,,,,,,,,,,,,,,,,,,,,,47,,,,,,,,,,,,,,,,,,,,,,,,,,,,,,,,,,,,,,,,,,,,,,,,,,,,,,,,,,,,,42.0,,,,,,,
,,,,,,,,,,,,,,,,,,,,,,,,,,,,,,,,,,,,47,,,,,,,,,,,,,,,,,,,,,,,,,,,,,,,,,,,,,,,,,,,,,,,,,,,,,,,,,,,,,,,,,,,,
